AT,V,AP,RH,PE,anomaly
19.64,48.06,1014.81,74.96,455.27,n
28.26,69.23,1013.01,42.1,436.31,n
27.98,67.17,1007.32,75.29,440.68,n
28.64,69.23,1013.11,37.13,434.4,n
9.34,38.08,1019.56,67.74,482.06,n
25.5,68.08,1011.13,72.86,436.07,n
21.96,59.8,1016.72,72.6,452.48,n
27.17,73.5,1010.36,73.29,435.22,n
25.96,71.64,1003.84,86.83,432.93,n
10.38,40.92,1021.53,95.18,466.46,n
18.68,59.14,1016.96,77.09,452.85,n
21.16,78.11,1006.73,78.11,435.71,n
12.86,40.6,1013.6,84.85,472.04,n
28.92,66.51,1015.5,34.51,439.09,n
19.14,56.65,1020.84,82.97,458.06,n
14.02,44.47,1028.02,68.97,465.93,n
7.67,42.85,1012.02,93.35,478.94,n
21.11,65.94,1009.83,71.91,448.77,n
14.33,38.73,1003.52,85.92,468.86,n
28.33,68.27,1008.09,50.37,432.66,n
9.63,41.14,1063.503638958686,87.89,510.69888628926924,o
32.84,77.95,1014.68,45.8,431.97,n
32.96,69.75,1008.86,40.23,435.56,n
17.48,40.89,1011.39,62.45,462.59,n
19.39,51.43,1011.06,94.35,456.25,n
13.62,42.34,1017.87,89.67,464.79,n
26.35,59.44,1012.16,63.73,443.73,n
27.34,71.64,1008.12,72.22,438.76,n
14.3,32.60242602724652,1016.64,63.9,465.42,o
14.72,41.23,997.91,82.69,467.11,n
19.21,60.07,1014.94,70.02,452.84,n
21.45,69.94,1010.5,82.17,443.31,n
10.72,45.0,1023.22,86.95,480.62,n
15.27,39.54,1010.64,81.91,464.49,n
20.0,56.53,1020.43,75.94,454.86,n
29.85,71.58,1010.04,58.66,432.26,n
20.11,51.19,1007.82,92.06,449.03,n
13.72,54.3,1017.89,79.08,467.05,n
19.04,43.43,1009.25,68.74,453.32,n
7.8,43.65,1018.92,60.77,479.78,n
10.91,40.1,1014.07,91.45,478.34,n
27.2,59.74,1011.99,56.74,440.13,n
29.08,66.54,1004.67,64.5,430.16,n
30.59,70.04,1010.28,50.56,429.13,n
12.59,26.265825841168947,1024.18,17.744604462031365,393.6183965865681,o
14.47,48.14,1017.28,87.36,457.45,n
28.13,56.9,1007.17,51.66,436.95,n
28.08,59.14,1016.16,58.08,438.83,n
26.88,61.5,1009.17,61.26,440.13,n
9.75,43.69,1016.81,82.42,481.34,n
5.7,40.62,1016.07,84.94,482.82,n
9.1,39.42,1025.28,68.78,471.85,n
22.56,70.79,1005.85,93.09,435.14,n
6.67,36.08,1022.31,83.51,486.52,n
20.04,49.39,1020.62,78.84,449.63,n
12.24,41.62,1013.38,90.26,461.23,n
6.72,39.85,1011.84,84.66,489.09,n
30.74,69.59,1008.69,68.04,437.81,n
30.06,67.25,1017.63,53.59,435.02,n
5.47,38.68,1017.33,72.71,485.7,n
21.35,58.16,1017.21,67.66,452.83,n
24.4,60.32,1016.5,70.96,447.73,n
25.87,47.01,1014.67,61.87,452.32,n
21.5,61.5,1008.43,78.13,447.83,n
23.49,42.8,1013.96,65.31,459.9,n
25.64,47.01,1014.81,62.29,454.48,n
10.907384020304523,64.59970279190475,1010.54,32.84712256001785,361.6412678803514,o
13.53,38.73,1004.86,85.38,472.46,n
34.35,77.17,1009.26,59.33,437.65,n
19.02,50.66,1013.04,85.25,455.42,n
24.77,69.71,1009.86,85.56,441.29,n
27.3,65.12,1016.24,44.87,442.78,n
6.09,43.65,1020.95,71.15,485.96,n
21.49,56.9,1007.47,66.66,452.46,n
26.06,67.83,1009.26,66.37,432.28,n
15.01,43.56,1014.65,61.82,465.84,n
13.11,41.58,1020.43,74.32,460.44,n
30.04,68.08,1011.04,51.01,429.52,n
11.64,41.44,1016.4,73.18,478.99,n
32.23,69.13,1000.61,55.1,426.9,n
22.43,55.97,1008.97,85.98,443.74,n
18.38,62.1,1020.12,77.27,452.91,n
11.76,41.58,1020.91,88.35,465.45,n
10.62,42.02,999.83,96.66,472.41,n
28.19,68.08,1013.41,43.93,436.43,n
21.43,63.94,1017.28,57.49,449.02,n
10.62,39.64,1010.65,62.15,477.07,n
24.45,70.02,1010.75,71.37,445.8,n
24.54,65.46,1014.27,40.77,446.26,n
18.25,60.1,1009.72,90.15,456.25,n
11.45,41.17,1017.98,84.64,476.0,n
12.85,41.14,1027.04,86.29,464.86,n
18.28,60.1,1009.72,85.79,452.93,n
23.22,69.04,1009.65,89.05,448.6,n
19.32,52.9,1016.86,68.2,457.66,n
19.13,68.61,1010.65,94.92,448.69,n
22.25,66.54,1004.64,89.15,437.19,n
25.35,63.21,1012.31,80.16,442.23,n
27.5,65.34,1014.93,47.46,439.59,n
15.93,52.75,1024.57,58.71,457.92,n
27.34,71.29,1008.32,56.51,434.94,n
17.79,43.52,1020.65,68.29,458.57,n
4.62,38.44,1016.09,73.14,486.84,n
8.07,41.17,1019.4,86.43,484.54,n
29.16,55.68,1004.84,55.68,435.04,n
17.29,52.72,1024.71,62.32,467.23,n
20.86,57.32,1010.24,76.64,446.48,n
26.66,70.02,1010.88,58.37,439.99,n
23.94,63.21,1013.52,83.12,440.15,n
28.66,50.05,1006.08,47.74,435.94,n
16.71,40.55,1004.45,81.64,464.13,n
22.1,68.12,1012.71,79.77,440.08,n
25.2,61.08,1013.04,74.28,447.09,n
9.03,40.71,1025.98,81.94,484.97,n
12.15,43.71,1025.78,93.69,472.59,n
25.56,69.13,1002.46,68.26,434.48,n
12.65,44.34,1019.4,71.45,468.8,n
25.37,58.33,1013.49,51.42,444.46,n
29.72,68.08,1010.72,53.46,430.36,n
14.35,40.71,1023.09,69.5,473.56,n
21.18,45.01,1012.57,48.05,451.62,n
27.37,71.06,1008.4,87.52,432.14,n
15.37,43.67,1011.9,91.48,468.23,n
17.82,65.94,1013.44,88.13,452.82,n
22.65,60.93,1006.43,85.13,440.52,n
13.93,40.24,1017.88,88.35,469.25,n
7.3,43.65,1019.33,67.62,482.96,n
17.34,46.48,1007.18,83.15,452.06,n
23.38,54.42,1013.95,73.02,451.87,n
18.88,62.96,1020.62,82.01,456.18,n
5.71,40.77,1022.51,89.58,485.75,n
15.76,44.89,1010.33,85.06,459.67,n
10.91,39.61,1018.44,64.38,469.42,n
17.48,49.39,1021.51,84.53,460.01,n
21.17,59.8,1016.06,77.73,455.66,n
11.76,39.28,1016.9,91.06,478.07,n
11.31,39.61,1018.74,68.9,471.92,n
32.13,69.98,1013.3,55.85,431.84,n
13.44,42.34,1018.0,96.65,459.6,n
10.07,40.92,1021.84,84.18,471.71,n
11.86,39.85,1013.0,66.92,478.29,n
28.32,68.12,1011.62,46.75,433.59,n
25.33,71.32,1007.05,85.31,434.68,n
30.71,71.85,1008.07,72.05,425.16,n
23.82,44.89,1009.39,74.69,445.45,n
19.6,59.21,1017.65,86.29,449.23,n
13.09,43.67,1012.22,91.91,474.45,n
6.67,39.33,1011.07,91.96,490.03,n
13.44,37.85,1009.78,99.13,469.89,n
22.76,57.5,1014.75,74.38,451.7,n
17.81,37.2,1011.98,67.27,470.97,n
28.37,67.07,1005.65,56.13,435.94,n
4.04,35.47,1017.51,87.35,486.86,n
8.22,41.82,1032.77,71.63,477.86,n
19.69,56.65,1020.84,72.14,455.07,n
27.02,71.77,1006.38,72.1,428.1,n
15.99,43.34,1014.2,78.66,465.96,n
24.12,62.44,1013.83,88.02,443.3,n
29.97,70.32,1007.44,53.26,428.42,n
12.28,40.92,1023.23,89.14,460.33,n
18.9,62.96,1020.69,80.57,455.88,n
25.9,47.45,1007.8,55.96,443.13,n
11.2,37.5,1013.81,72.81,472.2,n
28.25,71.77,1006.36,67.03,429.39,n
13.98,44.58,1016.48,77.59,473.01,n
14.96,41.76,1024.07,73.17,463.26,n
28.88,66.56,1006.26,59.15,426.66,n
32.81,75.08,1005.09,42.0,433.37,n
18.6,41.67,1013.07,64.23,458.91,n
19.65,51.3,1014.81,90.23,452.5,n
26.26,65.06,1013.58,52.72,440.92,n
20.14,46.33,1013.24,83.39,453.35,n
27.197037220041665,41.14,1027.8,31.646961969129485,427.05742503458254,o
29.54,69.48,1008.91,56.07,427.82,n
23.26,64.05,1012.96,88.31,442.75,n
18.96,47.83,1006.15,75.61,454.35,n
29.19,67.51,1011.48,55.55,446.97,n
15.5,39.16,1016.24,78.13,469.52,n
23.61,59.39,1015.11,78.84,438.08,n
24.23,49.3,1003.61,74.44,440.65,n
17.89,42.42,1008.92,65.08,467.59,n
24.62,70.47,1010.55,72.71,435.88,n
18.28,41.1,1002.0,65.69,460.03,n
24.38,60.84,1017.85,62.23,440.85,n
12.89,48.14,1017.48,83.95,463.77,n
25.58,47.01,1014.5,63.53,454.39,n
6.43,39.61,1017.51,83.8,480.58,n
26.02,63.07,1010.94,53.96,446.82,n
26.68,68.08,1011.41,67.33,433.04,n
19.79,64.45,1016.14,73.54,451.37,n
12.0,41.17,1019.48,58.71,474.4,n
15.24,45.87,1009.46,85.95,456.33,n
24.365710636858708,37.96080792827076,994.3011035605615,42.997667468708826,423.8175802447713,o
21.19,67.71,1006.65,56.28,441.71,n
20.41,56.03,1019.94,55.85,458.29,n
22.5,59.54,1007.99,93.63,445.22,n
20.77,60.1,1011.11,81.09,450.32,n
16.55,41.93,1022.71,42.73,466.77,n
23.57,66.75,1018.06,80.19,439.71,n
29.22,60.23,1009.73,61.5,436.32,n
23.93,68.28,1005.16,69.91,444.95,n
28.84,75.6,1018.41,53.96,442.69,n
9.45693193390299,57.5,950.5644996012182,34.05261591019213,453.34,o
14.87,41.23,997.39,82.06,465.01,n
21.12,63.91,1009.33,96.14,447.64,n
22.56,60.29,1018.19,67.53,447.15,n
30.09,69.48,1009.51,53.24,435.2,n
23.39,71.25,1005.22,93.7,435.68,n
12.75,42.86,1014.9,88.44,475.09,n
21.43,60.95,1015.27,75.49,449.12,n
18.12,58.95,1017.82,86.16,449.28,n
17.54,58.49,1012.35,91.56,453.02,n
10.99,43.5,1021.1,93.64,469.34,n
26.19,69.34,1009.48,87.59,433.99,n
11.86,40.55,1019.82,91.45,473.31,n
24.03,66.54,1012.19,69.15,438.08,n
21.4,59.21,1017.84,78.01,444.15,n
9.73,38.56,1017.18,61.81,479.78,n
3.92,41.31,999.22,95.26,487.35,n
22.78,62.44,1074.165004434693,75.43,449.45160539867004,o
25.52,71.73,1009.91,79.55,434.67,n
8.46,40.8,1023.57,81.27,485.06,n
27.26,73.18,1012.58,74.83,429.92,n
11.54,45.51,1017.19,83.02,474.73,n
21.05,63.09,1016.49,91.23,447.45,n
13.85,48.06,1011.13,75.2,462.39,n
12.87,41.5,1013.51,85.72,469.44,n
3.69,38.44,1016.74,82.87,490.78,n
33.45,73.88,1006.23,44.14,435.48,n
13.53,40.71,1023.83,61.59,474.7,n
23.7,66.56,1002.07,85.19,436.94,n
15.11,45.01,1017.01,84.39,462.21,n
22.96,70.79,1005.68,93.93,434.47,n
31.73,74.67,1016.38,44.51,425.34,n
11.1,40.0,1021.29,86.58,477.2,n
26.34,69.04,1009.44,72.06,444.13,n
29.63,69.71,1009.04,67.26,435.27,n
21.37,57.76,1018.8,70.12,454.66,n
26.76,71.94,1008.81,64.62,432.49,n
14.14,43.34,1017.1,81.77,464.36,n
17.1,49.69,1005.53,81.82,457.32,n
23.38,59.07,1009.29,92.4,442.83,n
27.94,69.84,1003.11,70.47,428.67,n
18.53,39.72,1001.26,64.08,457.26,n
27.78,60.07,1014.66,53.74,439.43,n
30.53,65.18,1012.69,41.85,437.89,n
30.35,77.17,1009.55,63.62,432.75,n
15.78,41.16,1008.43,80.25,464.85,n
21.73,69.05,1001.31,86.64,439.01,n
17.98,39.63,1005.42,82.12,466.69,n
24.81,67.17,1007.71,84.37,442.75,n
7.29,41.04,1024.06,89.19,474.71,n
22.01,60.84,1017.55,83.82,441.9,n
27.76,72.58,1009.04,84.96,429.25,n
17.83,44.92,1025.04,70.58,458.42,n
26.96,69.45,1013.89,51.47,436.69,n
25.1,71.77,1004.34,82.8,429.7,n
31.61,75.08,1004.83,42.29,436.67,n
25.03,60.84,1017.69,59.23,441.58,n
24.66,63.73,1011.4,74.52,444.37,n
20.03,62.26,1012.15,82.54,447.4,n
22.69,59.44,1012.97,83.47,446.43,n
13.74,39.35,1014.82,77.48,471.11,n
14.42,41.16,1004.32,88.42,467.25,n
34.4,77.95,1009.83,57.86,430.87,n
12.95,41.23,993.74,96.35,469.05,n
9.75,52.72,1026.03,78.53,473.41,n
6.57,39.37,1020.2,77.37,487.94,n
21.39,51.3,1013.39,89.05,452.7,n
26.94,62.91,1011.68,41.3,449.1,n
6.62,41.14,1027.33,86.24,479.74,n
26.14,72.99,1007.49,81.72,433.25,n
30.04,64.44,1014.46,52.19,437.95,n
10.4,42.44,1014.24,93.48,480.04,n
26.86,71.32,1007.38,81.14,430.44,n
31.18,77.95,1014.89,65.62,431.58,n
27.61,49.16,1005.01,35.63,441.18,n
16.22,46.36,1020.04,91.73,460.73,n
29.45,75.6,1018.12,50.68,437.31,n
9.81,71.14,1019.43,87.93,469.64,n
23.74,49.5,1013.2,49.51,463.4,n
30.56,69.04,1009.29,55.73,442.24,n
15.6,41.04,1025.48,64.43,457.49,n
16.65,46.18,1010.6,95.69,465.6,n
14.65,35.4,1016.16,60.26,469.61,n
23.55,61.87,1009.65,54.83,443.54,n
24.41,56.9,1006.58,77.94,439.51,n
14.78,38.58,1017.02,82.4,460.54,n
29.1,76.2,1006.28,60.22,435.97,n
31.85,69.04,1008.35,46.09,434.79,n
9.97,39.99,1010.09,95.0,477.31,n
20.48,39.72,1001.61,57.32,455.58,n
14.3,41.93,1020.6,65.38,471.32,n
20.03,60.77,1017.23,87.82,449.31,n
30.47,68.24,1009.55,64.98,427.94,n
22.69,65.18,1012.47,80.9,441.18,n
28.75,77.24,1008.92,77.17,433.03,n
25.02,59.92,1009.9,76.27,436.64,n
10.64,41.04,1025.0,93.59,468.88,n
14.07,42.86,1032.16,71.53,467.47,n
14.81,42.77,1017.83,75.09,463.06,n
26.61,56.85,1012.48,48.84,437.26,n
21.62,58.59,1012.93,67.05,445.92,n
28.54,69.59,1008.84,78.62,433.3,n
21.12,62.96,1020.83,69.96,454.65,n
13.83,42.86,1030.77,75.09,470.21,n
20.08,58.12,1015.53,80.84,455.85,n
33.01,69.88,1006.71,53.25,433.5,n
29.19,65.71,1013.85,50.5,444.49,n
16.17,38.01,1022.19,70.99,462.54,n
22.12,60.37,1008.75,92.13,439.18,n
16.4,38.01,1022.2,73.05,463.79,n
27.23,63.9,1014.3,47.19,443.61,n
21.01,50.9,1012.24,70.82,453.99,n
31.81,66.44,1011.21,53.55,426.84,n
18.58,46.97,1014.25,74.09,454.26,n
12.4,40.35,1011.46,79.49,476.44,n
27.64,75.6,1017.35,54.78,441.04,n
20.21,60.84,1018.5,82.73,447.73,n
27.89,68.12,1012.78,48.72,435.69,n
10.32,41.46,1017.98,87.66,479.61,n
13.73,50.59,1020.44,85.54,459.6,n
18.95,42.23,1013.01,79.4,462.73,n
9.61,39.04,1023.45,75.66,483.86,n
7.69,39.96,1023.9,89.18,478.05,n
26.85,74.16,1008.66,93.8,431.16,n
11.24,25.36,1009.26,97.47,469.92,n
22.29,61.27,1019.05,58.23,449.81,n
16.34,41.16,1006.36,75.52,462.56,n
29.03,67.79,1010.67,55.42,444.09,n
9.73,41.01,1021.76,97.71,469.11,n
13.9,39.59,1011.84,94.74,465.0,n
15.03,35.71,1015.26,56.55,467.61,n
5.46,40.81,1025.73,93.52,474.87,n
11.23,43.67,1012.57,72.1,475.41,n
14.85,39.39,1013.93,76.27,468.84,n
10.37,37.83,1006.5,90.99,470.66,n
12.57,43.8,1023.2,56.85,466.68,n
30.17,74.22,1007.46,49.27,432.0,n
30.18,65.74,1012.63,47.74,441.65,n
12.19,44.63,1018.96,80.91,468.91,n
8.674187576480048,50.59,1015.9,77.28,462.2,o
13.11,42.99,1007.6,97.0,472.84,n
26.57,48.06,1013.23,40.24,439.54,n
7.0,35.77,1018.21,64.84,482.8,n
20.83,49.02,1009.45,91.92,445.31,n
14.4,40.2,1013.04,90.5,464.5,n
27.58,71.97,1008.51,87.99,430.53,n
14.82,40.0,1016.32,66.3,458.46,n
29.3,74.16,1007.72,81.92,431.32,n
-0.7761575102830793,70.00150689412978,1012.75,62.14890431616487,465.9097109498658,o
20.94,44.58,1016.98,59.65,463.69,n
13.18,37.91,1018.09,88.84,469.63,n
18.95,46.21,1013.47,81.22,457.58,n
13.41,49.83,1008.83,87.14,466.38,n
13.42,40.35,1011.2,77.0,472.57,n
14.51,42.77,1017.47,81.95,463.37,n
21.94,58.79,1010.3,88.21,447.52,n
14.12,42.99,1007.13,78.16,468.45,n
25.48,58.95,1017.02,51.16,440.42,n
13.16,43.71,1024.44,85.68,469.06,n
17.3,43.72,1009.64,77.86,456.55,n
26.53,63.87,1017.38,48.53,445.11,n
17.98,60.1,1009.61,84.11,452.57,n
23.84,49.21,1013.35,45.4,446.54,n
30.21,71.32,1006.19,67.57,434.91,n
14.76,39.64,1010.37,81.99,465.82,n
23.56,66.49,1012.21,53.86,441.92,n
12.72,40.64,1021.11,93.24,475.73,n
13.2,45.01,1013.96,78.78,466.71,n
13.21,45.87,1008.58,85.66,463.1,n
10.94,39.04,1021.81,86.02,479.2,n
13.47,44.88,1017.56,93.23,476.67,n
25.11,62.26,1011.12,78.01,434.97,n
31.63,69.59,1008.66,61.81,436.89,n
9.53,44.03,1008.87,89.99,471.23,n
6.57,43.65,1018.24,74.47,481.46,n
23.72,70.47,1010.65,75.39,438.5,n
21.78,51.43,1007.45,88.71,446.56,n
28.91,58.33,1013.84,39.72,437.53,n
11.28,43.41,1017.91,81.03,471.42,n
34.3,74.67,1015.98,25.89,427.84,n
20.32,44.6,1015.16,36.35,460.21,n
10.45,39.69,1003.92,89.45,472.54,n
13.98,54.3,1015.58,74.91,466.52,n
23.82,64.15,1020.96,60.11,447.37,n
23.2,48.41,1008.64,80.92,444.69,n
17.2,58.49,1012.06,92.01,458.5,n
31.46,71.29,1008.57,41.79,430.8,n
15.82,44.88,1018.59,78.88,461.9,n
23.16,57.76,1017.74,63.79,451.79,n
31.07,73.5,1010.58,43.66,432.06,n
20.31,69.94,1009.7,86.53,446.87,n
20.06,52.84,1004.21,82.12,447.47,n
26.68,63.73,1009.7,71.55,439.69,n
20.25,63.91,1009.27,97.97,448.37,n
30.52,70.04,952.6132077856784,69.03092767379087,499.9051475673929,o
10.71,39.61,1018.72,73.66,473.77,n
13.26,41.78,1009.77,61.69,467.78,n
26.18,52.36,1013.46,56.65,453.54,n
12.08,41.39,1019.45,78.3,477.8,n
21.79,61.45,1011.11,91.78,446.99,n
29.6,67.79,1010.37,51.05,442.43,n
28.43,63.31,1013.44,49.99,432.62,n
19.13,40.79,1004.47,91.7,457.83,n
26.88,69.51,1012.76,45.03,436.3,n
12.913254027530389,54.80630725989773,1032.061235562037,47.670212591080286,445.08584317727104,o
21.44,62.96,1020.27,79.85,450.57,n
26.09,60.29,1017.72,50.83,444.71,n
20.98,42.23,1012.9,70.7,462.27,n
31.01,67.83,1007.95,43.57,429.46,n
6.14,38.5,1012.4,75.35,489.26,n
15.98,44.68,1018.48,85.94,462.77,n
30.96,64.44,1013.63,49.64,437.61,n
13.27,52.75,1025.86,65.12,464.82,n
21.52,46.21,1010.62,67.62,449.08,n
24.51,51.95,1005.57,63.53,449.73,n
16.45,63.31,982.082134108897,83.97,408.9448191168625,o
5.95,35.57,1025.84,77.61,487.72,n
23.83,58.79,1009.77,78.13,444.34,n
10.61,37.5,1008.8,100.13,472.9,n
18.22,49.25,1020.33,61.87,454.66,n
27.46,69.98,1013.28,63.73,435.36,n
22.77,70.32,1012.04,82.43,440.67,n
22.21,45.01,1012.22,54.84,450.6,n
5.09,42.85,1013.78,91.34,481.24,n
14.05,40.35,1011.52,66.21,475.54,n
-2.495195422253218,44.9,1010.6546092417955,36.04979670742115,463.1,o
9.94,41.44,1015.21,87.02,481.24,n
21.65,58.18,1008.33,95.28,441.05,n
6.17,41.31,1002.49,87.59,481.27,n
7.11,41.74,1022.35,90.68,487.85,n
21.22,43.43,1010.96,61.07,448.06,n
31.35,71.97,1008.29,72.26,430.16,n
26.51,44.57,1007.56,52.23,445.32,n
28.09,65.27,1013.27,51.96,440.0,n
20.25,44.78,1007.93,40.16,462.44,n
26.23,59.87,1012.93,66.62,447.16,n
27.23,49.16,1004.03,40.8,443.78,n
27.98,74.78,1009.46,63.11,436.82,n
23.39,68.51,1013.09,78.6,438.35,n
28.47,67.69,1004.79,56.51,430.67,n
11.44,34.03,1018.57,74.06,476.06,n
29.29,70.02,1010.13,46.93,438.84,n
22.98,73.17,1011.94,90.13,438.5,n
27.11,48.6,1002.78,53.39,439.4,n
21.58,63.87,1015.27,63.15,451.88,n
8.73,36.18,1013.66,77.74,479.25,n
21.44,50.78,1008.87,87.56,443.3,n
34.33,74.34,1001.74,42.75,435.76,n
16.58,38.01,1023.5,60.14,464.03,n
9.2,39.99,1011.73,85.95,484.04,n
22.22,59.14,1017.32,83.41,442.31,n
20.06,56.53,1020.38,75.16,455.99,n
6.44,39.33,1011.8,93.5,490.57,n
30.03,70.02,1010.07,64.2,436.88,n
15.92,40.56,1020.79,53.52,470.22,n
26.75,64.79,1017.79,54.31,438.4,n
16.707286882619155,73.77,1003.27,71.48,570.2071205026496,o
19.86,59.14,1016.12,69.32,449.82,n
16.81,42.42,1008.95,74.25,462.19,n
15.25,52.9,1014.86,76.87,463.93,n
10.03,42.18,1017.3,85.99,475.74,n
24.95,76.16,1006.2,76.16,437.47,n
20.28,68.63,1012.42,70.31,454.36,n
19.13,66.86,1012.95,71.24,453.31,n
13.74,34.03,1018.69,67.34,470.49,n
15.51,41.76,1022.81,69.55,463.82,n
16.41,47.24,1015.75,88.78,457.94,n
14.1,48.92,1011.6,84.39,461.34,n
9.68,39.96,1026.09,99.28,470.22,n
9.37,44.77,1020.61,87.31,474.41,n
31.93,72.58,1006.9,56.27,425.14,n
8.83,41.26,1023.04,86.08,478.87,n
17.76,40.55,1002.82,73.77,461.8,n
23.75,67.9,1006.25,70.17,445.22,n
15.48,44.99,1011.94,69.95,463.92,n
28.81,56.86,1005.82,56.86,434.08,n
15.52,58.59,1014.12,91.22,457.74,n
16.26,44.89,1010.48,86.57,456.86,n
13.27,42.28,1008.3,86.2,468.86,n
18.23,58.96,1015.55,69.61,459.12,n
30.01,73.18,1012.23,60.9,429.84,n
24.43,58.2,1017.18,46.84,444.89,n
16.64,39.64,1008.7,81.79,463.49,n
14.66,47.83,1006.15,91.98,461.46,n
16.39,41.96,1011.7,94.85,463.99,n
9.43,41.4,1028.03,84.98,474.16,n
26.16,67.9,1005.81,61.02,444.06,n
8.44,41.17,1019.9,70.72,486.15,n
32.05,77.24,1008.06,67.09,432.49,n
13.77,47.83,1007.41,90.66,466.07,n
30.2,70.02,1009.85,63.39,437.48,n
25.02,60.77,1016.71,69.85,441.21,n
23.18,59.04,1011.44,79.28,443.12,n
17.66,44.9,1020.5,71.33,457.11,n
28.76,66.56,1006.07,62.41,432.3,n
25.16,57.17,1009.86,75.7,442.03,n
25.18,61.08,1013.08,80.75,445.64,n
18.09,43.72,1008.64,74.15,453.02,n
11.76,40.96,1023.22,81.31,475.18,n
21.8,62.39,1007.84,89.04,452.15,n
8.83,43.56,1014.9,81.55,482.43,n
29.82,66.51,1010.98,43.57,439.17,n
24.38,58.2,1016.93,51.61,444.36,n
16.78,41.35,1000.23,70.52,459.64,n
27.69,69.71,1009.9,69.91,440.43,n
24.82,71.94,1010.5,64.67,438.69,n
28.52,70.72,1009.64,66.76,437.72,n
12.0,39.35,1015.48,82.51,476.64,n
28.68,70.32,1008.51,45.73,430.48,n
25.99,63.07,1012.5,64.81,442.16,n
10.94,39.04,1021.62,86.41,479.8,n
17.46,62.1,1019.96,83.99,451.06,n
21.43,63.47,1011.95,94.47,448.17,n
29.78,69.71,1008.96,67.46,434.33,n
5.3,35.19,1019.33,93.86,484.42,n
19.38,63.56,1013.13,83.54,452.01,n
31.5,70.32,1011.44,64.09,435.13,n
21.39,64.27,1011.71,95.39,445.12,n
4.7336252416877755,39.28,1011.27,82.05,477.71,o
13.52,41.48,1014.46,67.12,460.76,n
12.31,44.78,1011.15,77.34,468.29,n
19.15,44.89,1009.6,74.52,451.09,n
20.18,43.43,1011.31,65.11,450.09,n
26.8,68.31,1011.04,61.48,447.85,n
32.13,74.34,1003.34,56.39,436.3,n
7.53,41.16,1023.19,91.28,475.7,n
19.76,51.19,1008.38,92.56,448.71,n
14.2,42.86,1031.96,69.59,468.63,n
19.67,60.77,1017.33,88.13,444.87,n
13.48,39.85,1012.71,58.91,475.74,n
21.17,52.3,1009.36,81.51,447.5,n
32.0,73.17,1009.94,40.48,428.69,n
10.03,43.72,1011.46,96.89,473.26,n
13.93,44.9,1022.15,85.93,470.59,n
13.8,42.99,1007.16,67.28,470.93,n
14.8,44.92,1024.06,91.67,464.01,n
8.43,40.69,1020.36,87.28,484.94,n
26.26,63.73,1010.45,70.61,442.18,n
7.22,41.01,1025.19,97.27,476.15,n
9.55,39.66,1018.8,74.88,480.74,n
26.71,70.72,1010.3,78.18,438.72,n
23.41,54.42,1012.86,70.12,454.68,n
13.94,38.47,1015.03,53.9,466.54,n
8.3,40.35,1012.37,98.17,481.77,n
7.53,41.74,1022.45,90.85,487.25,n
27.23,44.05,1005.69,58.91,440.2,n
32.18,69.75,1009.94,52.91,438.26,n
16.49,41.93,1022.92,44.98,467.48,n
22.28,58.86,1014.08,66.47,446.55,n
21.67,62.39,1007.98,92.96,445.85,n
3.21,38.44,1017.11,84.86,492.93,n
24.54,44.89,1010.05,59.13,445.11,n
14.1,44.92,1023.95,89.5,467.22,n
8.97,39.66,1021.63,78.94,482.62,n
11.21,39.85,1013.01,75.55,480.61,n
7.47,40.64,1020.47,94.8,478.08,n
9.97,41.26,1020.6,91.14,475.43,n
19.24,56.89,1014.29,72.97,452.64,n
31.04,74.67,1015.85,43.32,435.17,n
-0.8639246434469907,41.66,1014.49,76.72,485.13,o
32.07,67.83,1007.91,41.61,429.31,n
17.3,58.59,1015.52,87.17,454.88,n
26.36,73.68,1013.99,86.44,430.39,n
10.03,43.13,1014.85,70.09,482.16,n
7.31,43.02,1014.19,86.43,484.82,n
26.25,61.02,1011.47,71.22,436.44,n
5.78,45.87,1012.65,88.8,483.27,n
25.68,68.27,1008.05,68.48,434.89,n
11.57,41.38,1021.71,61.49,473.94,n
24.88,71.94,1006.85,87.32,433.3,n
17.26,49.78,1007.38,100.06,453.54,n
23.7,69.23,1011.73,73.18,437.15,n
27.71,72.99,1007.18,72.68,433.01,n
14.75,40.66,1016.7,81.65,463.83,n
31.68,73.68,1014.85,64.0,431.11,n
15.08,37.85,1009.85,85.9,465.58,n
14.43,38.28,1014.76,79.76,467.12,n
16.5,53.29,1017.7,95.66,458.37,n
16.0,39.16,1016.37,77.63,468.49,n
23.97,64.33,1010.54,84.65,443.87,n
23.88,51.95,1005.37,75.25,449.52,n
29.25,78.87,1012.05,84.28,430.49,n
8.57,41.17,1020.18,72.47,484.2,n
21.96,58.79,1010.51,87.32,448.89,n
26.81,74.9,1003.99,79.88,435.56,n
22.97,62.4,1010.25,75.18,445.3,n
14.91,40.73,1017.44,86.91,458.99,n
22.19,58.49,1010.91,77.03,449.4,n
24.95,64.33,1011.34,81.05,440.97,n
23.25,56.9,1006.82,76.37,442.76,n
3.73,39.42,1024.4,82.42,488.58,n
16.8,44.9,1009.14,79.78,456.42,n
23.5,50.23,1017.51,75.15,457.51,n
21.09,74.93,1015.11,81.93,443.51,n
11.49,44.2,1018.79,91.14,475.51,n
32.53,77.95,1014.76,58.1,434.44,n
18.48,50.16,1011.45,99.92,452.06,n
9.34,41.49,1020.58,97.59,471.04,n
13.57,41.4,1021.27,72.55,464.23,n
15.69,39.3,1019.03,60.57,464.17,n
15.39,39.31,1008.78,66.67,461.39,n
22.5,59.43,1010.31,72.17,441.92,n
26.71,66.25,1008.11,79.28,435.41,n
22.49,71.29,1008.24,75.8,442.58,n
29.24,74.67,1015.81,59.95,432.61,n
20.96,69.48,1011.04,82.63,444.31,n
27.44,65.59,1010.76,68.67,441.08,n
23.31,60.37,1005.17,82.75,438.52,n
13.35,39.64,1010.1,93.3,471.69,n
19.67,44.71,1015.46,31.46,464.99,n
27.38,74.16,1010.08,78.61,436.65,n
28.62,69.71,1009.67,62.12,437.52,n
18.81,61.87,1009.71,70.47,448.49,n
11.37,41.5,1013.57,88.82,475.94,n
19.55,56.53,1020.2,78.1,455.56,n
31.88,67.32,1013.64,35.1,436.64,n
25.41,65.12,1016.01,53.39,442.86,n
23.57,67.9,1006.08,70.12,446.72,n
21.19,58.86,1014.19,68.96,452.43,n
21.23,57.32,1010.99,75.17,443.87,n
22.12,60.77,1018.01,83.87,443.97,n
14.59,41.23,999.48,86.66,466.83,n
12.81,44.34,1015.55,90.37,474.03,n
14.55,41.7,1018.58,80.8,454.14,n
20.37,69.48,1011.04,84.31,445.81,n
3.82,35.47,1016.62,84.34,489.04,n
6.58,40.07,1014.22,55.44,493.72,n
23.45,70.04,1010.99,79.2,436.46,n
15.64,43.71,1024.51,78.31,462.55,n
23.69,63.77,1013.39,79.5,444.07,n
23.64,63.31,1014.5,61.83,440.7,n
30.57,69.82,1009.86,52.94,437.62,n
15.36,40.89,1007.59,86.08,464.12,n
25.24,63.47,1011.3,66.21,442.75,n
20.02,67.32,1012.05,76.34,445.31,n
24.33,68.08,1013.02,64.81,442.93,n
11.22,41.93,1023.13,69.35,480.71,n
31.07,64.96,1005.2,58.93,428.63,n
30.15,67.32,1013.83,32.8,436.92,n
6.63,39.37,1020.33,76.18,489.16,n
24.43,59.87,1019.08,60.57,441.61,n
28.84,74.67,1016.52,67.43,428.98,n
14.33,43.41,1015.43,55.4,462.94,n
31.26,76.09,1006.66,63.91,430.36,n
19.91,51.19,1008.0,90.23,449.23,n
18.93,67.71,1005.04,82.4,444.55,n
10.74,44.85,1014.25,71.61,476.83,n
26.92,63.73,1010.29,68.6,440.35,n
9.51,40.46,1018.84,70.12,471.32,n
13.7,45.64,1019.18,92.66,467.9,n
19.09,56.51,1015.58,92.56,449.24,n
25.35,74.33,1015.29,77.84,435.66,n
13.5,54.3,1016.2,77.46,468.92,n
28.04,70.32,1011.28,78.16,435.42,n
31.09,74.22,1007.56,46.36,430.3,n
20.52,57.76,1017.03,81.19,453.64,n
27.18,64.44,1012.81,61.27,440.3,n
14.32,45.08,1023.24,84.53,467.21,n
20.03,47.45,1009.04,77.56,450.6,n
20.03,69.45,1013.47,86.66,441.54,n
9.16,42.44,1014.43,93.67,480.98,n
12.07,38.25,1012.67,81.66,470.36,n
3.85,35.47,1016.78,85.31,489.78,n
32.81,77.17,1009.17,53.13,430.53,n
19.84,65.48,1019.54,76.6,449.85,n
7.05,43.65,1018.41,72.36,480.47,n
20.84,32.50700175718506,1008.63,68.45919203048754,448.98,o
25.75,71.14,1008.33,77.12,433.64,n
23.4,65.06,1014.32,67.38,442.7,n
25.84,69.14,1009.22,88.47,431.35,n
-9.300351617303395,58.261442728678325,1015.15,55.28,410.95059692228125,o
22.07,60.08,1017.68,71.23,452.56,n
11.99,38.28,1013.65,91.31,469.23,n
14.73,54.3,1016.75,67.13,463.63,n
21.85,59.8,1016.89,75.28,454.26,n
32.17,73.21,1001.43,69.86,430.64,n
11.04103863023606,40.67,930.0648577206636,63.4677028357637,486.34,o
28.99,54.2,1012.79,41.9,442.6,n
9.56,44.71,1021.13,64.6,487.92,n
7.57,41.14,1028.23,87.97,477.8,n
27.98,74.87,1010.02,66.44,435.32,n
8.7,36.24,1013.34,89.5,478.69,n
7.64,40.02,1031.58,71.19,479.43,n
19.75,54.2,1011.43,83.5,448.89,n
15.98,42.99,1008.24,83.78,467.42,n
7.87,42.85,1012.18,94.21,480.54,n
6.04,41.14,1027.92,87.12,481.37,n
9.75,36.66,1026.21,70.12,479.45,n
32.56,68.14,1004.02,35.04,425.11,n
7.61,39.37,1015.84,83.73,483.74,n
8.21,38.91,1015.82,88.99,481.32,n
28.37,71.64,1007.39,71.06,434.91,n
9.77,41.44,1017.69,78.26,481.74,n
23.57,70.04,1011.06,82.79,437.53,n
24.94,63.94,1012.72,73.71,438.55,n
23.69,65.59,1010.85,88.92,439.66,n
25.21,63.21,1012.24,85.14,441.04,n
21.81,60.27,1015.93,91.38,441.85,n
12.64,40.69,1015.86,82.06,474.08,n
12.42,40.24,1016.59,90.01,469.59,n
12.99,40.55,1007.52,94.15,472.18,n
11.09,41.58,1020.99,91.09,464.81,n
20.0,69.48,1011.05,85.51,448.79,n
25.88,71.73,1010.01,72.8,430.86,n
15.55,45.09,1014.33,62.19,457.36,n
27.35,60.75,1008.98,67.56,435.14,n
26.95,48.41,1008.53,62.94,436.54,n
9.55,40.72,1023.12,68.06,481.08,n
11.01,37.5,1015.08,73.36,474.36,n
23.01,59.44,1012.82,82.62,445.72,n
27.88,68.94,1007.68,75.68,435.04,n
20.45,58.96,1014.53,65.36,454.26,n
18.18,44.63,1020.41,48.64,455.57,n
14.12,39.52,1016.79,66.17776442204676,418.1881470576116,o
18.06,56.65,1020.2,81.59,459.14,n
17.14,41.66,1010.97,57.66,463.38,n
7.94,40.56,1023.25,80.84,488.01,n
13.53,42.03,1017.52,84.02,466.71,n
13.93,44.21,1022.26,82.4,469.12,n
16.84,39.63,1004.67,82.98,466.06,n
10.32,40.35,1011.64,84.05,481.51,n
7.64,41.17,1020.01,75.14,488.53,n
27.86,61.5,1009.23,46.19,439.49,n
10.11,41.62,1017.17,97.82,463.57,n
17.4,63.09,1020.84,92.58,453.0,n
19.77,49.39,1019.02,91.03,451.05,n
7.72,41.14,1025.11,96.75,478.34,n
11.38,52.75,1026.19,72.71,469.9,n
9.22,40.92,1021.83,85.43,474.51,n
18.52,58.41,1013.77,99.89,446.68,n
29.14,61.5,1009.64,39.95,437.76,n
15.22,41.35,1003.12,95.45,464.56,n
24.31,63.86,1019.47,58.54,442.69,n
13.7,44.47,1027.51,70.77,468.79,n
26.74,49.02,1008.18,67.59,438.06,n
32.0,71.85,1008.44,53.59,427.95,n
14.89,39.58,1012.26,77.58,465.95,n
25.06,78.92,1010.74,90.7,434.55,n
25.14,49.02,1007.56,79.02,438.53,n
26.02,59.57,1011.16,76.93,446.5,n
18.39,67.71,1003.77,92.48,444.63,n
25.05,58.59,1013.37,66.14,442.93,n
9.41,39.61,1016.14,78.38,477.34,n
29.59,70.17,999.71,71.0,434.85,n
28.28,61.47,1009.44,60.89,443.12,n
2.1867356438444094,39.53,1006.99,27.109439869760433,457.09,o
29.62,71.8,1011.05,63.13,438.55,n
32.06,71.85,1007.9,56.44,426.07,n
21.64,50.32,1008.41,86.32,442.52,n
30.7,71.58,1010.0,48.96,429.27,n
10.08,37.92,1010.47,66.37,474.63,n
25.08,58.49,1011.1,64.47,446.9,n
23.38,65.06,1014.12,59.36,443.8,n
1.231265008685103,25.028947931995177,1014.62,8.814550355464522,543.5975661237661,o
25.67,58.59,1013.0,62.34,451.03,n
22.32,64.27,1014.35,82.98,446.62,n
19.27,50.9,1011.72,83.14,455.09,n
18.3,44.06,1017.95,63.24,456.32,n
21.94,50.32,1008.44,86.98,444.89,n
11.73,37.92,1008.02,72.68,472.51,n
22.41,66.56,1003.3,88.71,435.75,n
14.88,41.66,1009.4,67.15,468.55,n
25.91,75.6,1018.23,62.65,443.2,n
12.57,39.3,1019.57,72.44,473.67,n
23.84,68.94,1007.45,71.35,436.05,n
29.51,76.09,1007.39,71.5,432.45,n
32.07,71.29,1008.43,44.95,426.96,n
10.27,42.34,1022.69,92.78,474.55,n
14.6,44.47,1028.46,69.96,465.24,n
12.67,42.86,1014.06,89.9,473.13,n
13.13,40.75,1016.05,80.87,472.5,n
10.8,41.74,1020.24,78.62,479.32,n
19.81,56.65,1020.62,67.99,457.72,n
21.96,48.6,1004.87,76.27,446.56,n
16.38,46.97,1013.6,73.67,459.87,n
12.1,41.17,1013.72,75.61,478.1,n
4.78,42.85,1013.07,94.72,479.09,n
17.99,43.72,1008.64,75.04,453.02,n
16.82,45.0,1022.05,37.28,468.22,n
18.6,43.56,1013.9,51.16,464.67,n
15.07,50.88,1014.33,100.12,464.37,n
13.25,49.83,1008.76,88.21,453.8,n
22.83,58.62,1017.82,69.76,450.96,n
13.04,45.09,1013.0,87.68,467.44,n
22.38,63.31,1014.76,73.8,441.3,n
19.31,52.72,1024.93,53.93,455.25,n
21.85,69.94,1010.89,79.4,443.0,n
30.94,64.44,1014.36,53.76,439.84,n
16.88,39.99,1007.08,74.29,462.83,n
24.96,68.12,1011.27,70.22,437.62,n
26.79,62.44,1011.51,72.46,440.55,n
29.07,51.43,1006.22,61.58,438.79,n
24.45,68.63,1013.38,45.35,446.33,n
10.16,39.3,1019.71,81.21,480.74,n
27.49,71.94,1006.62,73.35,435.29,n
8.52,41.55,1002.09,86.81,483.63,n
22.85,60.29,1017.29,61.92,448.58,n
22.71,75.23,1010.48,76.86,444.0,n
11.61,41.17,1019.57,58.82,476.81,n
18.26,49.64,1024.92,62.82,462.6,n
27.46,61.86,1012.39,66.09,439.72,n
28.53,49.3,1003.83,59.69,438.17,n
29.0,69.13,1001.22,52.96,425.5,n
11.3,43.14,1019.56,99.83,469.73,n
24.04,60.77,1017.62,75.23,442.25,n
19.89,51.43,1007.33,92.08,448.98,n
26.61,69.13,1002.05,51.97,430.17,n
22.98,58.46,1016.06,72.69,445.05,n
13.41,39.35,1015.1,79.32,471.85,n
30.96,69.82,1009.6,51.55,438.74,n
25.306144420584964,32.295840475213076,997.0114039313781,59.06828902842349,507.28741111076965,o
22.62,51.3,1012.36,81.02,448.27,n
20.15,39.72,1001.85,59.32,456.87,n
16.56,42.99,1007.48,74.45,464.62,n
19.45,41.1,1001.88,52.16,458.26,n
29.17,74.34,1004.51,82.02,433.03,n
6.14,39.4,1011.21,90.87,485.94,n
28.07,64.09,1005.41,64.09,436.61,n
20.97,47.43,1007.64,71.18,448.22,n
2.8,39.64,1011.01,82.96,482.66,n
21.47,65.61,1015.92,76.22,447.42,n
10.82,41.55,1004.55,65.14,475.44,n
18.26,58.96,1014.04,69.7,457.43,n
14.32,71.14,1019.87,79.15,460.02,n
25.28,66.25,1009.77,84.55,439.77,n
12.99,41.93,1020.25,74.64,472.95,n
6.14,40.62,1015.71,86.51,481.66,n
23.36,65.18,1012.35,78.09,436.39,n
10.27,41.44,1017.04,77.09,479.3,n
8.2,41.14,1025.24,96.26,474.04,n
16.69,50.9,1013.21,84.98,460.75,n
21.95,50.66,1013.92,70.94,455.23,n
10.37,39.04,1023.95,81.93,479.35,n
10.75,40.81,1015.93,79.27,474.71,n
22.84,50.05,1005.59,79.49,442.85,n
15.91,71.14,1019.7,72.65,458.15,n
24.94804328981882,61.02,1003.0511160226321,8.309952960788696,433.4451023642638,o
24.93,73.5,1011.28,83.09,437.35,n
26.18,69.14,1006.54,85.95,436.0,n
15.66,41.35,1001.68,86.26,463.57,n
19.7,51.3,1014.88,88.1,454.94,n
6.76,39.81,1017.11,87.9,483.16,n
26.25,52.09,1013.2,53.12,450.53,n
11.17,39.72,1002.4,81.4,474.64,n
12.54,43.69,1017.26,83.59,470.04,n
26.16,63.76,1010.03,68.77,437.24,n
20.72,44.57,1008.96,72.57,449.76,n
28.13,68.12,1012.6,44.71,435.85,n
29.8,64.69,1006.6,54.43,437.85,n
29.13,68.3,1014.96,37.08,437.25,n
15.62,40.89,1007.01,79.21,466.15,n
20.62,43.43,1009.93,64.02,449.07,n
29.09,70.98,1007.86,80.35,439.34,n
7.91,41.79,1021.86,54.92,479.02,n
9.81,44.45,1021.19,90.55,471.32,n
5.82,40.62,1016.79,85.04,482.67,n
30.57,73.03,1013.75,73.68,437.42,n
6.92,41.26,1011.16,96.2,483.61,n
29.49,69.71,1009.34,56.35,440.99,n
33.74,69.98,1012.51,43.3,425.35,n
26.98,43.77,1010.95,40.8,446.05,n
10.51,37.5,1010.7,96.29,474.24,n
29.46,71.94,1006.96,62.26,428.54,n
17.27,40.55,1000.89,70.66,461.31,n
26.97,67.32,1014.35,55.07,439.61,n
11.92,40.62,1015.91,55.4,464.9,n
15.39,42.28,1007.35,81.35,467.3,n
28.22,51.43,1006.06,63.72,438.43,n
16.46,48.6,1006.08,89.0,449.58,n
24.33,46.93,1013.51,52.63,449.07,n
25.64,50.05,1006.97,67.72,440.86,n
12.87,48.04,1012.47,100.13,465.56,n
6.505873466551215,31.527801872474722,925.0079216055444,19.272961628642594,464.33891377255213,o
20.86,39.72,1001.73,56.38,456.27,n
22.3,57.19,1006.4,75.28,445.1,n
20.56,59.14,1016.02,68.59,448.82,n
32.49,71.32,1005.03,57.12,433.59,n
11.77,40.0,1021.08,85.08,475.49,n
29.36,68.94,1007.5,79.91,431.39,n
29.28,75.08,1005.21,59.0,436.15,n
25.77,62.96,1019.86,58.07,442.83,n
5.19,40.78,1025.24,95.07,482.46,n
11.16,40.96,1023.49,83.7,478.3,n
21.75,67.45,1014.89,67.09,445.1,n
18.43,44.63,1019.76,39.99,458.75,n
11.82,41.67,1012.94,84.51,476.73,n
20.16,57.76,1019.34,72.1,455.13,n
23.02,59.21,1011.74,83.18,440.5,n
18.35,57.76,1019.64,77.94,458.41,n
25.31,65.48,1018.31,55.57,439.72,n
27.83,69.04,1009.69,63.79,443.24,n
25.88,63.73,1009.48,77.17,438.42,n
18.13,66.86,1012.9,78.84,454.85,n
30.01,65.18,1012.87,43.95,436.91,n
10.39,39.69,1003.31,89.6,473.0,n
15.43,39.16,1016.44,79.8,470.74,n
34.51,73.03,1013.73,39.42,439.8,n
18.78,63.09,1019.22,80.2,452.86,n
29.28,74.33,1011.66,72.37,426.53,n
5.37,40.07,1012.75,63.58,494.21,n
29.55,72.29,1007.94,84.45,430.98,n
6.05,42.85,1013.09,91.88,485.02,n
11.77,40.71,1024.55,72.49,477.94,n
9.29,34.03,1018.84,74.81,483.74,n
24.67,63.56,1013.75,67.56,446.3,n
13.09,43.02,1013.17,46.73,470.14,n
10.28,39.64,1010.45,74.15,477.65,n
23.48,70.79,1006.7,88.57,432.25,n
24.75,69.45,1013.97,53.49,438.28,n
24.91,58.69,1008.22,82.81,435.96,n
30.02,69.04,1009.68,56.01,440.49,n
28.52,57.82,1004.81,57.82,435.4,n
27.45,59.74,1011.34,58.58,450.46,n
13.03,42.86,1014.39,86.25,475.03,n
13.0,39.85,1012.57,61.56,477.71,n
21.28,44.05,1005.69,83.2,444.56,n
13.55,42.99,1007.58,97.55,470.82,n
21.83,62.91,1011.07,91.34,443.76,n
18.07,44.92,1024.72,69.15,457.53,n
27.54,68.27,1008.12,56.42,433.0,n
5.53,40.64,1020.78,97.25,479.88,n
12.49,41.62,1011.37,82.68,461.35,n
16.58,41.79,1006.24,72.95,452.95,n
16.98,43.99,1021.65,81.17,456.07,n
18.42,60.1,1009.77,86.75,451.93,n
29.67,66.51,1015.6,34.1,434.8,n
29.92,69.75,1009.12,67.15,441.5,n
31.84,71.37,1003.51,46.22,432.04,n
23.03,44.89,1010.26,59.85,447.81,n
23.48,65.12,1015.82,60.83,445.66,n
27.24,68.08,1013.23,51.96,445.25,n
10.84,39.18,1023.64,87.1,474.49,n
23.54,41.1,1002.05,38.05,448.56,n
25.8,65.38,1009.3,52.28,450.5,n
17.7,49.21,1015.16,67.91,455.97,n
27.53,67.83,1009.4,53.73,429.05,n
11.77,40.92,1021.85,81.55,467.31,n
25.2,63.76,1009.78,64.96,438.15,n
15.28,48.14,1012.55,69.65,460.75,n
26.28,75.23,1011.44,68.35,435.28,n
26.0,70.47,1009.61,74.66,435.05,n
19.47,50.9,1012.77,77.33,457.08,n
30.8,69.14,1007.68,63.78,433.62,n
18.92,44.06,1017.47,68.75,453.72,n
24.6,71.73,1010.08,78.77,436.28,n
15.62,40.12,1013.03,96.26,462.59,n
13.96,39.54,1011.05,85.72,468.82,n
25.39,58.79,1015.85,62.59,441.51,n
17.93,44.63,1003.54,87.41,458.96,n
11.27,40.69,1014.35,86.63,476.27,n
4.65,35.19,1018.23,94.78,489.36,n
18.48,58.59,1015.61,85.14,452.52,n
27.06,61.41,1011.99,45.23,452.85,n
4.16,35.47,1017.72,88.49,486.7,n
13.05,34.03,1018.31,64.99,472.69,n
18.81,52.08,1004.43,99.6,450.87,n
24.14,60.07,1016.56,58.08,440.17,n
23.53,68.94,1007.53,69.17,437.48,n
22.48,50.05,1005.55,82.36,442.56,n
15.62,38.28,1014.5,77.01,465.7,n
5.999708615039779,47.36509631721478,1013.26,44.56,408.4983782841229,o
9.88,39.66,1017.81,76.05,480.05,n
3.4,39.64,1011.1,83.43,459.86,n
27.39,67.07,1006.17,58.2,441.45,n
25.24,71.14,1008.73,79.39,435.09,n
10.6,41.46,1021.23,89.02,481.3,n
15.4,41.16,1005.34,80.22,465.16,n
5.63,39.22,1013.35,77.67,486.83,n
14.47,42.86,1031.55,66.73,466.64,n
23.42,50.05,1006.79,86.45,441.8,n
22.4,58.12,1015.24,78.03,449.13,n
14.73,39.82,1012.67,80.82,470.41,n
27.37,63.73,1009.79,65.25,437.24,n
8.81,43.56,1014.99,81.5,482.52,n
9.18,42.18,1017.4,87.3,475.57,n
22.45,63.77,1014.57,87.44,444.26,n
25.62,58.82,1010.02,70.31,444.14,n
6.28,43.02,1013.72,88.13,487.17,n
25.61,58.86,1013.9,54.9,444.77,n
11.3,25.36,1008.66,96.18,471.19,n
10.18,35.76,1019.71,66.7,473.31,n
25.16,47.01,1014.99,64.0,452.64,n
24.22,49.82,1014.61,66.82,452.2,n
10.1,40.22,1007.1,90.36,478.43,n
22.68,50.78,1008.83,70.3,447.69,n
19.46,56.89,1014.02,84.95,447.86,n
25.91,31.72836123142941,1010.92,74.25,432.07,o
20.99,50.78,1008.55,75.14,449.07,n
15.52,23.570547992063055,1006.86,92.20519227478651,470.9673903402745,o
6.76,40.62,1015.67,87.16,478.56,n
-6.3313284519624915,56.09898679762785,994.3318000007501,26.19122374064218,410.9419075806118,o
23.23,63.31,1012.52,75.1,441.5,n
24.61,69.68,1012.06,92.47,438.51,n
21.83,63.13,1013.4,85.82,443.41,n
31.33,65.18,1011.97,36.62,435.77,n
22.79,71.77,1005.75,90.91,435.53,n
31.17,70.98,1007.19,67.34,431.01,n
30.98,71.29,1008.78,47.7,432.99,n
